Code;Stock Name;SD/BS;Currency;Cash Dividend;Cum Dividend;Ex Dividend;Record Date;Payment Date;Note
BBTN;PT Bank Tabungan Negara (Persero) Tbk;;IDR;22,44;03/11/2022;03/14/2022;03/15/2022;03/31/2022;F2022
LTLS;Lautan Luas Tbk;;IDR;20;01/07/2022;01/10/2022;01/11/2022;01/21/2022;I2022
ARNA;Arwana Citramulia Tbk;;IDR;45;03/16/2022;03/17/2022;03/18/2022;03/29/2022;F2022
UNIC;Unggul Indah Cahaya Tbk;;IDR;450;01/10/2022;01/11/2022;01/12/2022;01/27/2022;I2022
MEGA;Bank Mega Tbk;;-;-;03/09/2022;03/10/2022;03/11/2022;03/23/2022;Stock Dividend
MEGA;Bank Mega Tbk;;IDR;402,08;03/09/2022;03/10/2022;03/11/2022;03/23/2022;F2022
MEGA;Bank Mega Tbk;1;-;-;03/09/2022;03/10/2022;03/11/2022;03/23/2022;BS2022
TMAS;PT Temas Tbk.;;IDR;21,85;01/06/2022;01/07/2022;01/10/2022;01/27/2022;I2022
ADRO;Adaro Energy Indonesia Tbk;;IDR;160,16;12/29/2021;12/30/2021;01/03/2022;01/14/2022;I2022
ADRO;Adaro Energy Indonesia Tbk;;IDR;0,01;;;01/03/2022;01/14/2022;I2022
ADRO;Adaro Energy Indonesia Tbk;;IDR;0,01;12/22/2021;12/29/2021;01/03/2022;01/14/2022;I2022
BPFI;Batavia Prosperindo Finance Tbk;;-;-;01/28/2022;01/31/2022;02/02/2022;02/11/2022;BS2022
PALM;Provident Agro Tbk;;IDR;43;01/20/2022;01/21/2022;01/24/2022;02/08/2022;F2022
BSSR;Baramulti Suksessarana Tbk;;IDR;0,02;01/10/2022;01/11/2022;01/12/2022;01/25/2022;I2022
MLPT;Multipolar Technology Tbk;;IDR;90;01/11/2022;01/12/2022;01/13/2022;01/26/2022;I2022
JAYA;PT Armada Berjaya Trans Tbk.;;IDR;3;01/21/2022;01/24/2022;01/25/2022;02/10/2022;I2022
AMOR;Ashmore Asset Management Indonesia Tbk;;IDR;20;02/09/2022;02/10/2022;02/11/2022;02/25/2022;F2022
PPGL;PT Prima Globalindo Logistik Tbk.;;IDR;6;01/10/2022;01/11/2022;01/12/2022;01/20/2022;I2022
ADMF;Adira Dinamika Multi Finance Tbk;;IDR;607;04/07/2022;04/07/2022;04/11/2022;04/28/2022;F
AKRA;AKR Corporindo Tbk.;;IDR;17;05/17/2022;05/18/2022;05/19/2022;05/24/2022;F
ANTM;Aneka Tambang Tbk.;;IDR;38,74;06/03/2022;06/06/2022;06/07/2022;06/24/2022;F
BBRI;PT Bank Rakyat Indonesia (Persero) Tbk;;IDR;174,23;03/10/2022;03/11/2022;03/14/2022;04/01/2022;F2022
BDMN;PT Bank Danamon Indonesia Tbk;;IDR;56,33;04/04/2022;04/04/2022;04/06/2022;04/28/2022;F
BJBR;Bank Pembangunan Daerah Jawa Barat dan Banten Tbk;;IDR;99,11;04/07/2022;04/07/2022;04/11/2022;04/27/2022;F
BMRI;Bank Mandiri (Persero) Tbk.;;IDR;1;03/18/2022;03/21/2022;03/22/2022;04/06/2022;Stock Dividend
BNGA;PT Bank CIMB Niaga Tbk;;IDR;94,07;04/19/2022;04/19/2022;04/21/2022;04/28/2022;F
BNII;PT Bank Maybank Indonesia Tbk;;IDR;6,47;04/04/2022;04/04/2022;04/06/2022;04/28/2022;F
BNLI;Bank Permata Tbk;;IDR;8,5;05/31/2022;06/02/2022;06/03/2022;06/21/2022;F
JPFA;Japfa Comfeed Indonesia Tbk;;IDR;60;04/14/2022;04/14/2022;04/19/2022;04/22/2022;F
LTLS;Lautan Luas Tbk;;IDR;50;06/13/2022;06/14/2022;06/15/2022;06/20/2022;F
MFIN;Mandala Multifinance Tbk;;IDR;73;04/19/2022;04/19/2022;04/21/2022;05/12/2022;F
NISP;PT Bank OCBC NISP Tbk;;IDR;22;04/13/2022;04/13/2022;04/18/2022;04/28/2022;F
SDRA;PT Bank Woori Saudara Indonesia 1906 Tbk;;IDR;18,5;04/07/2022;04/07/2022;04/11/2022;04/27/2022;F
SMAR;PT Sinas Mas Agro Resources and Technology Tbk;;IDR;110;06/14/2022;06/15/2022;06/16/2022;06/22/2022;F
SMSM;Selamat Sempurna Tbk;;IDR;15;05/18/2022;05/19/2022;05/20/2022;05/31/2022;I
TLKM;Telkom Indonesia (Persero) Tbk.;;IDR;149,97;06/07/2022;06/08/2022;06/09/2022;06/30/2022;F
WOMF;Wahana Ottomitra Multiartha Tbk;;IDR;9,5;04/01/2022;04/01/2022;04/05/2022;04/27/2022;I
PGAS;Perusahaan Gas Negara Tbk;;IDR;124,42;06/07/2022;06/08/2022;06/09/2022;06/29/2022;F
BBCA;Bank Central Asia Tbk.;;IDR;120;03/25/2022;03/28/2022;03/29/2022;04/19/2022;F2022
UNTR;United Tractors Tbk;;IDR;905;04/19/2022;04/19/2022;04/21/2022;05/11/2022;F
AALI;Astra Agro Lestari Tbk;;IDR;359;04/22/2022;04/22/2022;04/26/2022;05/13/2022;F
PTBA;Bukit Asam Tbk;;IDR;688,52;06/03/2022;06/06/2022;06/07/2022;06/24/2022;F
KLBF;Kalbe Farma Tbk;;IDR;35;05/31/2022;05/31/2022;06/02/2022;06/22/2022;F
TINS;Timah Tbk;;IDR;61,22;06/03/2022;06/06/2022;06/07/2022;06/24/2022;F
SMCB;Solusi Bangun Indonesia Tbk;;IDR;23,98;04/19/2022;04/19/2022;04/21/2022;04/26/2022;F
KAEF;Kimia Farma Tbk;;IDR;16,33;05/20/2022;05/23/2022;05/24/2022;06/10/2022;F
ASII;Astra International Tbk;;IDR;194;04/28/2022;05/09/2022;05/10/2022;05/20/2022;F
SGRO;PT Sampoerna Agro Tbk;;IDR;135;;06/08/2022;06/09/2022;06/24/2022;F
ITMG;Indo Tambangraya Megah Tbk;;IDR;3040;04/01/2022;04/01/2022;04/05/2022;04/22/2022;F
BISI;BISI INTERNATIONAL Tbk;;IDR;0,68;06/02/2022;06/03/2022;06/06/2022;06/14/2022;F
INTP;Indocement Tunggal Prakarsa Tbk;;IDR;500;06/06/2022;06/07/2022;06/08/2022;06/24/2022;F
SMGR;Semen Indonesia (Persero) Tbk;;IDR;172,64;04/08/2022;04/08/2022;04/12/2022;04/28/2022;F
TOTO;Surya Toto Indonesia Tbk;;IDR;7;06/03/2022;06/06/2022;06/07/2022;06/22/2022;F
CPIN;Charoen Pokphand Indonesia Tbk;;IDR;108;06/02/2022;06/03/2022;06/06/2022;06/14/2022;F
FASW;Fajar Surya Wisesa Tbk;;IDR;119;03/31/2022;03/31/2022;04/04/2022;04/21/2022;F
AUTO;Astra Otoparts Tbk;;IDR;40;04/21/2022;04/21/2022;04/25/2022;05/12/2022;F
BBNI;PT Bank Negara Indonesia (Persero) Tbk;;IDR;146,3;03/23/2022;03/24/2022;03/25/2022;04/14/2022;F2022
RDTX;Roda Vivatex Tbk;;IDR;465;06/20/2022;06/21/2022;06/22/2022;06/29/2022;F
BNBA;Bank Bumi Arta Tbk;;IDR;4,25;06/06/2022;06/07/2022;06/08/2022;06/29/2022;F
MLBI;Multi Bintang Indonesia Tbk;;IDR;408,45;04/28/2022;05/09/2022;05/10/2022;05/20/2022;F
SKLT;Sekar Laut Tbk;;IDR;48;05/27/2022;06/02/2022;05/31/2022;06/13/2022;F
HMSP;HM Sampoerna Tbk;;IDR;63,3;06/17/2022;06/20/2022;06/21/2022;06/29/2022;F
MERK;Merck Tbk;;IDR;240;06/06/2022;06/07/2022;06/08/2022;06/24/2022;F
KDSI;Kedawung Setia Industrial Tbk;;IDR;100;06/07/2022;06/08/2022;06/09/2022;06/15/2022;F
DUTI;Duta Pertiwi Tbk;;IDR;380;06/22/2022;06/23/2022;06/24/2022;06/30/2022;F
EXCL;PT XL Axiata Tbk;;IDR;51;05/10/2022;05/11/2022;05/12/2022;05/20/2022;F
BBLD;Buana Finance Tbk;;IDR;6;06/16/2022;06/17/2022;06/20/2022;06/30/2022;F
ABDA;Asuransi Bina Dana Arta Tbk;;IDR;81,51;06/06/2022;06/07/2022;06/08/2022;06/24/2022;F
LPPF;Matahari Department Store Tbk;;IDR;250;04/13/2022;04/13/2022;04/18/2022;04/28/2022;F
EPMT;Enseval Putera Megatrading Tbk;;IDR;205;05/25/2022;05/31/2022;05/31/2022;06/17/2022;F
FISH;FKS Multi Agro Tbk;;IDR;280;05/30/2022;05/31/2022;06/02/2022;06/22/2022;F
FISH;FKS Multi Agro Tbk;;IDR;280;05/30/2022;05/31/2022;06/02/2022;06/17/2022;F
SDPC;Millennium Pharmacon International Tbk;;IDR;1;05/17/2022;05/18/2022;05/19/2022;06/09/2022;F
TPIA;Chandra Asri Petrochemical Tbk;;IDR;7,3;04/26/2022;04/26/2022;04/28/2022;05/20/2022;F
TGKA;Tigaraksa Satria Tbk;;IDR;295;05/20/2022;05/23/2022;05/24/2022;05/30/2022;F
TURI;Tunas Ridean Tbk;;IDR;48;05/27/2022;05/30/2022;05/31/2022;06/17/2022;F
ADRO;Adaro Energy Indonesia Tbk;;IDR;141,39;05/13/2022;05/17/2022;05/18/2022;06/08/2022;F
RALS;Ramayana Lestari Sentosa Tbk;;IDR;30;05/31/2022;06/02/2022;06/03/2022;06/23/2022;F
AMRT;Sumber Alfaria Trijaya Tbk.;;IDR;18,78;06/06/2022;06/07/2022;06/08/2022;06/24/2022;F
ASGR;Astra Graphia Tbk;;IDR;19;04/22/2022;04/22/2022;04/26/2022;05/13/2022;F
MYOH;Samindo Resources Tbk;;USD;-;05/27/2022;05/30/2022;05/31/2022;06/17/2022;F
MITI;Mitra Investindo Tbk;;IDR;1;06/03/2022;06/06/2022;06/07/2022;06/22/2022;F
BYAN;Bayan Resources Tbk;;USD;0,3;05/27/2022;05/30/2022;05/31/2022;06/15/2022;F
BRPT;Barito Pacific Tbk;;IDR;3,12;05/20/2022;05/23/2022;05/24/2022;06/10/2022;F
BRAM;Indo Kordsa Tbk;;IDR;200;06/16/2022;06/17/2022;06/20/2022;06/29/2022;F
NIKL;Pelat Timah Nusantara Tbk;;IDR;-;04/08/2022;04/08/2022;04/12/2022;04/28/2022;F
TOWR;Sarana Menara Nusantara Tbk;;IDR;18,1;06/07/2022;06/08/2022;06/09/2022;06/30/2022;F
ROTI;Nippon Indosari Corpindo Tbk;;IDR;60,2;04/21/2022;04/21/2022;04/25/2022;05/09/2022;F
TBIG;PT Tower Bersama Infrastructure Tbk;;IDR;36;06/02/2022;06/03/2022;06/06/2022;06/22/2022;F
HRUM;Harum Energy Tbk;;IDR;15,02;06/14/2022;06/15/2022;06/16/2022;06/28/2022;F
MIDI;Midi Utama Indonesia Tbk;;IDR;28,65;06/06/2022;06/07/2022;06/08/2022;06/24/2022;F
GEMS;Golden Energy Mines Tbk;;IDR;0,02;06/09/2022;06/10/2022;06/13/2022;06/21/2022;F
GEMS;Golden Energy Mines Tbk;;IDR;62,3;06/03/2022;06/06/2022;06/07/2022;06/15/2022;F
ABMM;ABM Investama Tbk;;IDR;267;05/20/2022;05/23/2022;05/24/2022;06/10/2022;F
ESSA;Surya Esa Perkasa Tbk;;IDR;5;06/15/2022;06/16/2022;06/17/2022;06/28/2022;F
TRIS;Trisula International Tbk;;IDR;1,75;05/13/2022;05/17/2022;05/18/2022;05/27/2022;F
BSSR;Baramulti Suksessarana Tbk;;IDR;411,05;05/17/2022;05/18/2022;05/19/2022;05/23/2022;F
BJTM;Bank Pembangunan Daerah Jawa Timur Tbk;;IDR;52,11;03/25/2022;03/28/2022;03/29/2022;04/14/2022;F2022
NRCA;PT Nusa Raya Cipta Tbk.;;IDR;15;05/31/2022;06/02/2022;06/03/2022;06/17/2022;F
MLPT;Multipolar Technology Tbk;;IDR;45;05/20/2022;05/23/2022;05/24/2022;06/10/2022;F
SILO;PT Siloam International Hospitals Tbk.;;IDR;19,3;06/09/2022;06/10/2022;06/13/2022;06/17/2022;F
BBMD;PT Bank Mestika Dharma Tbk.;;IDR;34,26;06/03/2022;06/06/2022;06/07/2022;06/24/2022;F
SRTG;PT Saratoga Investama Sedaya Tbk.;;IDR;60;05/09/2022;05/10/2022;05/11/2022;05/13/2022;F
MPMX;PT Mitra Pinasthika Mustika Tbk.;;IDR;180;05/27/2022;05/30/2022;05/31/2022;06/17/2022;F
DSNG;PT Dharma Satya Nusantara Tbk.;;IDR;20;04/28/2022;05/09/2022;05/10/2022;05/19/2022;F
SIDO;Industri Jamu dan Farmasi Sido Muncul Tbk;;IDR;22,7;04/07/2022;04/07/2022;04/11/2022;04/28/2022;F
SSMS;PT Sawit Sumbermas Sarana Tbk.;;IDR;80,15;06/02/2022;06/03/2022;06/06/2022;06/21/2022;F
WTON;Wijaya Karya Beton Tbk;;IDR;1,9;04/26/2022;04/26/2022;04/28/2022;05/20/2022;F
CINT;Chitose Internasional Tbk;;IDR;1;06/06/2022;06/07/2022;06/08/2022;06/24/2022;F
MBAP;Mitrabara Adiperdana Tbk;;IDR;523;06/15/2022;06/16/2022;06/17/2022;06/23/2022;F
MIKA;PT Mitra Keluarga Karyasehat Tbk.;;IDR;36;05/20/2022;05/23/2022;05/24/2022;06/10/2022;F
DMAS;Puradelta Lestari Tbk;;IDR;2,5;06/14/2022;06/15/2022;06/16/2022;06/30/2022;F
PBSA;PT Paramita Bangun Sarana Tbk;;IDR;47;06/07/2022;06/08/2022;06/09/2022;06/30/2022;F
BRIS;PT Bank BRIsyariah Tbk;;IDR;18,41;06/07/2022;06/08/2022;06/09/2022;06/30/2022;F
PRDA;PT Prodia Widyahusada Tbk.;;IDR;397,84;04/18/2022;04/18/2022;04/20/2022;04/27/2022;F
PBID;Panca Budi Idaman Tbk;;IDR;110;05/23/2022;05/24/2022;05/25/2022;06/03/2022;F
CLEO;Sariguna Primatirta Tbk;;IDR;1;06/09/2022;06/10/2022;06/13/2022;06/30/2022;F
BELL;PT Trisula Textile Industries Tbk;;IDR;0,28;05/13/2022;05/17/2022;05/18/2022;05/27/2022;F
PSSI;Pelita Samudera Shipping Tbk;;IDR;28;05/23/2022;05/24/2022;05/25/2022;06/16/2022;F
PPRE;PT PP Presisi Tbk.;;IDR;0,76;04/28/2022;05/09/2022;05/10/2022;05/20/2022;F
WEGE;PT Wijaya Karya Bangunan Gedung Tbk.;;IDR;4,47;04/27/2022;04/28/2022;05/09/2022;05/20/2022;F
GHON;PT Gihon Telekomunikasi Indonesia Tbk;;IDR;100;06/09/2022;06/10/2022;06/13/2022;06/20/2022;F
BTPS;PT Bank BTPN Syariah Tbk.;;IDR;61,75;05/09/2022;05/10/2022;05/11/2022;05/20/2022;F
HEAL;PT Medikaloka Hermina Tbk.;;IDR;6;06/06/2022;06/07/2022;06/08/2022;06/29/2022;F
PZZA;Sarimelati Kencana Tbk;;IDR;19,96;05/30/2022;05/31/2022;06/02/2022;06/22/2022;F
TUGU;Asuransi Tugu Pratama Indonesia Tbk;;IDR;71,21;05/25/2022;05/27/2022;05/30/2022;06/16/2022;F
MGRO;PT Mahkota Group Tbk.;;IDR;7;06/06/2022;06/07/2022;06/08/2022;06/29/2022;F
GOOD;Garudafood Putra Putri Jaya Tbk;;IDR;6;04/08/2022;04/08/2022;04/12/2022;04/26/2022;F
ZONE;Mega Perintis Tbk;;IDR;10,65;06/03/2022;06/06/2022;06/07/2022;06/16/2022;F
PEHA;Phapros Tbk;;IDR;7,91;06/06/2022;06/07/2022;06/08/2022;06/29/2022;F
JAYA;PT Armada Berjaya Trans Tbk.;;IDR;3,8;04/28/2022;05/09/2022;05/10/2022;05/20/2022;F
CCSI;Communication Cable Systems Indonesia Tbk;;IDR;7,5;05/17/2022;05/18/2022;05/19/2022;06/08/2022;F
EAST;Eastparc Hotel Tbk;;IDR;1,52;04/18/2022;04/18/2022;04/20/2022;04/27/2022;I
EAST;Eastparc Hotel Tbk;;IDR;1,33;04/06/2022;04/06/2022;04/08/2022;04/20/2022;F
IFSH;Ifishdeco Tbk;;IDR;23,93;05/09/2022;05/10/2022;05/11/2022;05/25/2022;F
CSRA;PT Cisadane Sawit Raya Tbk.;;IDR;10;05/27/2022;05/30/2022;05/31/2022;06/17/2022;F
PNGO;PT Pinago Utama Tbk;;IDR;70;05/18/2022;05/19/2022;05/20/2022;06/08/2022;F
KMDS;Kurniamitra Duta Sentosa Tbk;;IDR;12,5;06/10/2022;06/13/2022;06/14/2022;06/29/2022;F
VICI;PT Victoria Care Indonesia Tbk;;IDR;7;05/20/2022;05/23/2022;05/24/2022;06/10/2022;F
BEBS;Berkah Beton Sadaya Tbk;;IDR;3,67;05/23/2022;05/24/2022;05/25/2022;06/16/2022;F
TAPG;Triputra Agro Persada Tbk;;IDR;25;06/03/2022;06/06/2022;06/07/2022;06/24/2022;F
MCOL;Prima Andalan Mandiri Tbk;;IDR;460;05/12/2022;05/13/2022;05/17/2022;05/27/2022;F
KUAS;Ace Oldfields Tbk;;IDR;1;05/27/2022;05/31/2022;05/31/2022;06/17/2022;F
DEPO;Caturkarda Depo Bangunan Tbk;;IDR;5,15;06/02/2022;06/03/2022;06/06/2022;06/24/2022;F
MTEL;Dayamitra Telekomunikasi Tbk;;IDR;11,57;05/10/2022;05/11/2022;05/12/2022;05/25/2022;F
BOBA;Formosa Ingredient Factory Tbk;;IDR;6,5;06/14/2022;06/15/2022;06/16/2022;06/30/2022;F
DRMA;Dharma Polimetal Tbk;;IDR;14,97;05/09/2022;05/10/2022;05/11/2022;05/20/2022;F
AVIA;Avia Avian Tbk;;IDR;8;05/10/2022;05/11/2022;05/12/2022;05/19/2022;F
CMRY;Cisarua Mountain Dairy Tbk;;IDR;63,01;06/17/2022;06/20/2022;06/21/2022;06/28/2022;F
TLDN;PT Teladan Prima Agro Tbk;;IDR;6,17;06/07/2022;06/08/2022;06/09/2022;06/29/2022;F
AGII;Aneka Gas Industri Tbk;;IDR;10,06;08/04/2022;08/05/2022;08/08/2022;08/26/2022;F
AKRA;AKR Corporindo Tbk.;;IDR;25;08/03/2022;08/04/2022;08/05/2022;08/16/2022;I
BFIN;BFI Finance Indonesia Tbk;;IDR;10;07/07/2022;07/08/2022;07/11/2022;07/28/2022;F
INDF;Indofood Sukses Makmur Tbk;;IDR;278;08/01/2022;08/02/2022;08/03/2022;08/24/2022;F
MEDC;Medco Energi Internasional Tbk;;IDR;-;08/04/2022;08/05/2022;08/08/2022;08/26/2022;F
MTDL;Metrodata Electronics Tbk;;IDR;10,5;06/10/2022;06/13/2022;06/14/2022;07/06/2022;F
MYOR;Mayora Indah Tbk;;IDR;21;07/06/2022;07/07/2022;07/08/2022;07/27/2022;F
PNBN;Bank Pan Indonesia Tbk;;IDR;20;06/30/2022;07/01/2022;07/04/2022;07/22/2022;F
SIMP;Salim Ivomas Pratama Tbk;;IDR;13;07/29/2022;08/01/2022;08/02/2022;08/23/2022;F
SMAR;PT Sinas Mas Agro Resources and Technology Tbk;;IDR;200;08/09/2022;08/10/2022;08/11/2022;08/24/2022;I
SMRA;Summarecon Agung Tbk;;IDR;6;07/15/2022;07/18/2022;07/19/2022;08/05/2022;F
SMSM;Selamat Sempurna Tbk;;IDR;20;08/05/2022;08/08/2022;08/09/2022;08/23/2022;F
SMSM;Selamat Sempurna Tbk;;IDR;25;09/06/2022;09/07/2022;09/08/2022;09/21/2022;I
TBLA;Tunas Baru Lampung Tbk;;IDR;50;07/08/2022;07/11/2022;07/12/2022;08/02/2022;F
LSIP;PP London Sumatra Indonesia Tbk;;IDR;51;07/29/2022;08/01/2022;08/02/2022;08/19/2022;F
INKP;Indah Kiat Pulp & Paper Tbk;;IDR;50;06/20/2022;06/21/2022;06/22/2022;07/14/2022;F
TKIM;Pabrik Kertas Tjiwi Kimia Tbk;;IDR;25;06/20/2022;06/21/2022;06/22/2022;07/14/2022;F
PNLF;Panin Financial Tbk;;IDR;10;07/08/2022;07/11/2022;07/12/2022;08/03/2022;F
CTRA;Ciputra Development Tbk;;IDR;14;08/04/2022;08/05/2022;08/08/2022;08/26/2022;F
TOTL;Total Bangun Persada Tbk;;IDR;25;06/10/2022;06/13/2022;06/14/2022;07/06/2022;F
GPRA;Perdana Gapuraprima Tbk;;IDR;1;08/05/2022;08/08/2022;08/09/2022;08/31/2022;F
ACES;Ace Hardware Indonesia Tbk;;IDR;20,59;06/16/2022;06/17/2022;06/20/2022;07/08/2022;F
CITA;Cita Mineral Investindo Tbk;;IDR;55;07/08/2022;07/11/2022;07/12/2022;08/03/2022;F
AMFG;Asahimas Flat Glass Tbk;;IDR;80;06/24/2022;06/27/2022;06/28/2022;07/19/2022;F
BUDI;Budi Starch & Sweetener Tbk;;IDR;8;07/08/2022;07/11/2022;07/12/2022;08/02/2022;F
CLPI;Colorpak Indonesia Tbk;;IDR;71,21;07/27/2022;07/28/2022;07/29/2022;08/19/2022;F
DPNS;Duta Pertiwi Nusantara Tbk;;IDR;15;06/27/2022;06/28/2022;06/29/2022;07/20/2022;F
EKAD;Ekadharma International Tbk;;IDR;50;08/01/2022;08/02/2022;08/03/2022;08/25/2022;F
KKGI;Resource Alam Indonesia Tbk;;IDR;20;07/08/2022;07/11/2022;07/12/2022;07/20/2022;F
UNIC;Unggul Indah Cahaya Tbk;;IDR;100;07/06/2022;07/07/2022;07/08/2022;07/18/2022;F
AKPI;Argha Karya Prima Industry Tbk;;IDR;49;07/01/2022;07/04/2022;07/05/2022;07/27/2022;F
TRST;Trias Sentosa Tbk;;IDR;20;06/27/2022;06/28/2022;06/29/2022;07/20/2022;F
TBMS;Tembaga Mulia Semanan Tbk;;IDR;44,51;06/17/2022;06/20/2022;06/21/2022;07/08/2022;F
IGAR;Champion Pacific Indonesia Tbk;;IDR;5;06/22/2022;06/23/2022;06/24/2022;07/15/2022;F
INDS;Indospring Tbk;;IDR;75;07/07/2022;07/08/2022;07/11/2022;07/29/2022;F
LPIN;Multi Prima Sejahtera Tbk;;IDR;15;06/13/2022;06/14/2022;06/15/2022;07/05/2022;F
ESTI;Ever Shine Textile Industry Tbk;;IDR;1;07/01/2022;07/04/2022;07/05/2022;07/22/2022;F
INDR;Indorama Synthetics Tbk;;IDR;940;07/04/2022;07/05/2022;07/06/2022;07/19/2022;F
CEKA;Wilmar Cahaya Indonesia Tbk;;IDR;100;08/05/2022;08/08/2022;08/09/2022;08/31/2022;F
DLTA;Delta Djakarta Tbk;;IDR;300;06/24/2022;06/27/2022;06/28/2022;07/15/2022;F
KBLI;KMI Wire & Cable Tbk;;IDR;4;07/01/2022;07/04/2022;07/05/2022;07/27/2022;F
SKBM;Sekar Bumi Tbk;;IDR;3,5;07/06/2022;07/07/2022;07/08/2022;07/27/2022;F
ULTJ;Ultra Jaya Milk Industry & Trading Company Tbk;;IDR;25;08/03/2022;08/04/2022;08/05/2022;08/26/2022;F
GGRM;Gudang Garam Tbk;;IDR;2250;07/08/2022;07/11/2022;07/12/2022;07/28/2022;F
DVLA;Darya-Varia Laboratoria Tbk;;IDR;75;07/06/2022;07/07/2022;07/08/2022;07/27/2022;F
TSPC;Tempo Scan Pacific Tbk;;IDR;0,5;06/09/2022;06/10/2022;06/13/2022;07/01/2022;F
UNVR;Unilever Indonesia Tbk.;;IDR;84;06/23/2022;06/24/2022;06/27/2022;07/13/2022;F
JRPT;Jaya Real Property Tbk;;IDR;19,5;07/01/2022;07/04/2022;07/05/2022;07/27/2022;F
PWON;Pakuwon Jati Tbk;;IDR;4;07/13/2022;07/14/2022;07/15/2022;08/05/2022;F
TMAS;PT Temas Tbk.;;IDR;65,79;06/17/2022;06/20/2022;06/21/2022;07/13/2022;F
SMDR;Samudera Indonesia Tbk;;IDR;50;07/07/2022;07/08/2022;07/11/2022;07/29/2022;F
SMDR;Samudera Indonesia Tbk;;IDR;50;08/09/2022;08/10/2022;08/11/2022;08/31/2022;I
ELSA;Elnusa Tbk;;IDR;7,45;07/28/2022;07/29/2022;08/01/2022;08/19/2022;F
PANS;Panin Sekuritas Tbk;;IDR;150;07/21/2022;07/22/2022;07/25/2022;08/03/2022;F
ASBI;Asuransi Bintang Tbk;;IDR;5,7;07/18/2022;07/19/2022;07/20/2022;08/10/2022;F
ASDM;Asuransi Dayin Mitra Tbk;;IDR;72;06/22/2022;06/23/2022;06/24/2022;07/15/2022;F
AMAG;Asuransi Multi Artha Guna Tbk;;IDR;50;07/07/2022;07/08/2022;07/11/2022;07/29/2022;F
ASRM;Asuransi Ramayana Tbk;;IDR;55;07/01/2022;07/04/2022;07/05/2022;07/27/2022;F
LPGI;Lippo General Insurance Tbk;;IDR;666,67;07/08/2022;07/11/2022;07/12/2022;08/03/2022;F
SMMT;Golden Eagle Energy Tbk;;IDR;60;09/23/2022;09/26/2022;09/27/2022;09/29/2022;I
PGLI;Pembangunan Graha Lestari Indah Tbk;;IDR;1;08/02/2022;08/03/2022;08/04/2022;08/26/2022;F
PLIN;Plaza Indonesia Realty Tbk;;IDR;88;07/29/2022;08/01/2022;08/02/2022;08/10/2022;F
JTPE;Jasuindo Tiga Perkasa Tbk;;IDR;22;07/07/2022;07/08/2022;07/11/2022;07/20/2022;F
SCMA;Surya Citra Media Tbk;;IDR;2,5;07/07/2022;07/08/2022;07/11/2022;07/29/2022;F
RUIS;Radiant Utama Interinsco Tbk;;IDR;4;08/04/2022;08/05/2022;08/08/2022;08/26/2022;F
RAJA;Rukun Raharja Tbk;;IDR;6,98;06/30/2022;07/01/2022;07/04/2022;07/22/2022;F
SCCO;Supreme Cable Manufacturing & Commerce Tbk;;IDR;200;06/15/2022;06/16/2022;06/17/2022;07/07/2022;F
CSAP;Catur Sentosa Adiprana Tbk;;IDR;9;06/30/2022;07/01/2022;07/04/2022;07/22/2022;F
IMAS;Indomobil Sukses Internasional Tbk;;IDR;4;08/04/2022;08/05/2022;08/08/2022;08/26/2022;F
MKPI;Metropolitan Kentjana Tbk;;IDR;117;07/01/2022;07/04/2022;07/05/2022;07/25/2022;F
INDY;Indika Energy Tbk;;IDR;114,46;08/15/2022;08/16/2022;08/18/2022;08/30/2022;I
EMTK;Elang Mahkota Teknologi Tbk;;IDR;5;09/15/2022;09/16/2022;09/19/2022;09/27/2022;I
MICE;Multi Indocitra Tbk;;IDR;15;07/15/2022;07/18/2022;07/19/2022;08/10/2022;F
BAYU;Bayu Buana Tbk;;IDR;25;07/04/2022;07/05/2022;07/06/2022;07/28/2022;F
IPOL;Indopoly Swakarsa Industry Tbk;;IDR;5,5;06/16/2022;06/17/2022;06/20/2022;07/08/2022;F
MFMI;Multifiling Mitra Indonesia Tbk;;IDR;5;06/30/2022;07/01/2022;07/04/2022;07/22/2022;F
ICBP;Indofood CBP Sukses Makmur Tbk;;IDR;215;08/01/2022;08/02/2022;08/03/2022;08/23/2022;F
MTLA;Metropolitan Land Tbk;;IDR;8,5;07/11/2022;07/12/2022;07/13/2022;08/04/2022;F
ALDO;Alkindo Naratama Tbk;;IDR;1,6;06/17/2022;06/20/2022;06/21/2022;07/13/2022;F
GEMS;Golden Energy Mines Tbk;;IDR;505,75;09/09/2022;09/12/2022;09/13/2022;09/21/2022;I
ERAA;Erajaya Swasembada Tbk;;IDR;22,8;07/01/2022;07/04/2022;07/05/2022;07/27/2022;F
KOBX;Kobexindo Tractors Tbk;;IDR;9;06/23/2022;06/24/2022;06/27/2022;07/12/2022;F
NELY;Pelayaran Nelly Dwi Putri Tbk;;IDR;10;06/14/2022;06/15/2022;06/16/2022;07/08/2022;F
BSSR;Baramulti Suksessarana Tbk;;IDR;567,13;09/21/2022;09/22/2022;09/23/2022;09/30/2022;I
WIIM;Wismilak Inti Makmur Tbk;;IDR;21,6;07/05/2022;07/06/2022;07/07/2022;07/27/2022;F
TPMA;Trans Power Marine Tbk;;IDR;12;06/16/2022;06/17/2022;06/20/2022;07/08/2022;F
IBST;Inti Bangun Sejahtera Tbk;;IDR;618;08/04/2022;08/05/2022;08/08/2022;08/25/2022;F
ISSP;Steel Pipe Industry of Indonesia Tbk;;IDR;9;07/08/2022;07/11/2022;07/12/2022;08/03/2022;F
MLPT;Multipolar Technology Tbk;;IDR;155;09/14/2022;09/15/2022;09/16/2022;09/23/2022;I
ANJT;PT Austindo Nusantara Jaya Tbk.;;IDR;43;06/16/2022;06/17/2022;06/20/2022;07/08/2022;F
IMJS;Indomobil Multi Jasa Tbk;;IDR;0,25;08/04/2022;08/05/2022;08/08/2022;08/26/2022;F
BALI;PT Bali Towerindo Sentra Tbk.;;IDR;31,15;07/11/2022;07/12/2022;07/13/2022;07/27/2022;F
BIRD;PT Blue Bird Tbk;;IDR;60;07/01/2022;07/04/2022;07/05/2022;07/22/2022;F
IMPC;Impack Pratama Industri Tbk;;IDR;22;06/16/2022;06/17/2022;06/20/2022;07/07/2022;F
BOLT;Garuda Metalindo Tbk;;IDR;10;06/24/2022;06/27/2022;06/28/2022;07/19/2022;F
VINS;Victoria Insurance Tbk;;IDR;3,4;06/20/2022;06/21/2022;06/22/2022;07/14/2022;F
KINO;PT Kino Indonesia Tbk;;IDR;10;06/23/2022;06/24/2022;06/27/2022;07/15/2022;F
IDPR;PT Indonesia Pondasi Raya Tbk.;;IDR;1;07/04/2022;07/05/2022;07/06/2022;07/21/2022;F
POWR;Cikarang Listrindo Tbk;;IDR;40,28;06/24/2022;06/27/2022;06/28/2022;07/15/2022;F
SHIP;Sillo Maritime Perdana Tbk;;IDR;17;07/28/2022;07/29/2022;08/01/2022;08/19/2022;F
HRTA;Hartadinata Abadi Tbk;;IDR;10;06/30/2022;07/01/2022;07/04/2022;07/22/2022;F
KMTR;PT Kirana Megatara Tbk.;;IDR;4,96;07/04/2022;07/05/2022;07/06/2022;07/28/2022;F
HOKI;Buyung Poetra Sembada Tbk;;IDR;1;08/04/2022;08/05/2022;08/08/2022;08/26/2022;F
WOOD;Integra Indocabinet Tbk;;IDR;6,5;07/25/2022;07/26/2022;07/27/2022;08/12/2022;F
MARK;PT Mark Dynamics Indonesia Tbk.;;IDR;50;06/08/2022;06/09/2022;06/10/2022;07/01/2022;F
MDKI;Emdeki Utama Tbk;;IDR;10;06/28/2022;06/29/2022;06/30/2022;07/22/2022;F
CAMP;Campina Ice Cream Industry Tbk;;IDR;35;08/01/2022;08/02/2022;08/03/2022;08/25/2022;F
IPCM;PT Jasa Armada Indonesia Tbk.;;IDR;17,27;07/01/2022;07/04/2022;07/05/2022;07/27/2022;F
LCKM;PT LCK Global Kedaton Tbk;;IDR;0,22;06/16/2022;06/17/2022;06/20/2022;07/08/2022;F
SPTO;Surya Pertiwi Tbk;;IDR;25;06/22/2022;06/23/2022;06/24/2022;07/08/2022;F
IPCC;PT Indonesia Kendaraan Terminal Tbk.;;IDR;23,12;07/08/2022;07/11/2022;07/12/2022;08/03/2022;F
SKRN;Superkrane Mitra Utama Tbk;;IDR;10;07/06/2022;07/07/2022;07/08/2022;07/19/2022;F
BOLA;Bali Bintang Sejahtera Tbk;;IDR;1;08/01/2022;08/02/2022;08/03/2022;08/25/2022;F
INOV;PT Inocycle Technology Group Tbk.;;IDR;3;07/27/2022;07/28/2022;07/29/2022;08/19/2022;F
EAST;Eastparc Hotel Tbk;;IDR;1,7;08/03/2022;08/04/2022;08/05/2022;08/15/2022;I
LIFE;Asuransi Jiwa Sinarmas MSIG Tbk;;IDR;34;06/30/2022;07/01/2022;07/04/2022;07/22/2022;F
BLUE;Berkah Prima Perkasa Tbk;;IDR;17;06/13/2022;06/14/2022;06/15/2022;07/07/2022;F
SMKL;Satyamitra Kemas Lestari Tbk;;IDR;12;07/29/2022;08/01/2022;08/02/2022;08/19/2022;F
KEEN;Kencana Energi Lestari Tbk;;IDR;5,46;07/07/2022;07/08/2022;07/11/2022;07/29/2022;F
GGRP;Gunung Raja Paksi Tbk;;IDR;7,43;06/27/2022;06/28/2022;06/29/2022;07/21/2022;F
TEBE;Dana Brata Luhur Tbk;;IDR;45;06/17/2022;06/20/2022;06/21/2022;07/13/2022;F
IFII;Indonesia Fibreboard Industry Tbk;;IDR;4;06/15/2022;06/16/2022;06/17/2022;07/08/2022;F
UCID;PT Uni-Charm Indonesia Tbk.;;IDR;22,93;08/05/2022;08/08/2022;08/09/2022;08/26/2022;F
PMJS;PT Putra Mandiri Jembar Tbk;;IDR;4,8;07/08/2022;07/11/2022;07/12/2022;08/03/2022;F
GLVA;Galva Technologies Tbk;;IDR;8;06/28/2022;06/29/2022;06/30/2022;07/21/2022;F
AMAN;Makmur Berkah Amanda Tbk;;IDR;0,5;08/02/2022;08/03/2022;08/04/2022;08/26/2022;F
SAMF;Saraswanti Anugerah Makmur Tbk;;IDR;16,7;06/23/2022;06/24/2022;06/27/2022;07/15/2022;F
KBAG;Karya Bersama Anugerah Tbk;;IDR;0,11;07/15/2022;07/18/2022;07/19/2022;08/05/2022;F
PPGL;PT Prima Globalindo Logistik Tbk.;;IDR;3;06/14/2022;06/15/2022;06/16/2022;07/06/2022;F
SGER;Sumber Global Energy Tbk;;IDR;17;06/29/2022;06/30/2022;07/01/2022;07/20/2022;F
TRJA;PT Transkon Jaya Tbk.;;IDR;4;07/08/2022;07/11/2022;07/12/2022;08/03/2022;F
PURI;Puri Global Sukses Tbk;;IDR;1,8;07/07/2022;07/08/2022;07/11/2022;07/29/2022;F
ATAP;Trimitra Prawara Goldland Tbk;;IDR;0,65;08/03/2022;08/04/2022;08/05/2022;08/26/2022;F
WMUU;Widodo Makmur Unggas Tbk;;IDR;1,62;06/23/2022;06/24/2022;06/27/2022;07/15/2022;F
ZYRX;Zyrexindo Mandiri Buana Tbk;;IDR;7,85;06/09/2022;06/10/2022;06/13/2022;07/01/2022;F
ADCP;Adhi Commuter Properti Tbk;;IDR;1,17;07/06/2022;07/07/2022;07/08/2022;07/29/2022;F
BMHS;Bundamedik Tbk;;IDR;2,56;07/29/2022;08/01/2022;08/02/2022;08/24/2022;F
UVCR;Trimegah Karya Pratama Tbk;;IDR;0,25;07/25/2022;07/26/2022;07/27/2022;08/18/2022;F
OILS;Indo Oil Perkasa Tbk;;IDR;2,52;06/17/2022;06/20/2022;06/21/2022;07/13/2022;F
RSGK;Kedoya Adyaraya Tbk;;IDR;86;06/16/2022;06/17/2022;06/20/2022;07/06/2022;F
HAIS;Hasnur Internasional Shipping Tbk;;IDR;3,99;06/13/2022;06/14/2022;06/15/2022;07/07/2022;F
BINO;Perma Plasindo Tbk;;IDR;1;07/08/2022;07/11/2022;07/12/2022;08/03/2022;F
WGSH;Wira Global Solusi Tbk;;IDR;1;06/16/2022;06/17/2022;06/20/2022;07/08/2022;F
BSML;Bintang Samudera Mandiri Lines Tbk;;IDR;1,08;07/22/2022;07/25/2022;07/26/2022;08/12/2022;F
SEMA;Semacom Integrated Tbk;;IDR;1,95;07/07/2022;07/08/2022;07/11/2022;07/29/2022;F
NTBK;Nusatama Berkah Tbk;;IDR;0,07;08/08/2022;08/09/2022;08/10/2022;08/31/2022;F
STAA;PT Sumber Tani Agung Resources Tbk;;IDR;10;07/25/2022;07/26/2022;07/27/2022;08/12/2022;F
BIKE;PT Sepeda Bersama Indonesia Tbk;;IDR;3,8;07/28/2022;07/29/2022;08/01/2022;08/19/2022;F
SICO;PT Sigma Energy Compressindo Tbk;;IDR;1;07/08/2022;07/11/2022;07/12/2022;07/29/2022;F
ARNA;Arwana Citramulia Tbk;;IDR;55;03/17/2023;03/20/2023;03/21/2023;03/29/2023;F
MEGA;Bank Mega Tbk;;IDR;241,62;03/06/2023;03/07/2023;03/08/2023;03/28/2023;F
AMOR;Ashmore Asset Management Indonesia Tbk;;IDR;16;02/06/2023;02/07/2023;02/08/2023;02/24/2023;
BBRI;PT Bank Rakyat Indonesia (Persero) Tbk;;IDR;231,22;03/21/2023;03/24/2023;03/27/2023;04/12/2023;F
BBTN;PT Bank Tabungan Negara (Persero) Tbk;;IDR;43,39;03/28/2023;03/29/2023;03/30/2023;04/14/2023;F
BMRI;Bank Mandiri (Persero) Tbk.;;IDR;529,34;03/24/2023;03/27/2023;03/28/2023;04/12/2023;F
BNII;PT Bank Maybank Indonesia Tbk;;IDR;7,72;04/11/2023;04/12/2023;04/13/2023;04/28/2023;F
BBCA;Bank Central Asia Tbk.;;IDR;170;03/28/2023;03/29/2023;03/30/2023;04/14/2023;F
ITMG;Indo Tambangraya Megah Tbk;;IDR;6414;04/10/2023;04/11/2023;04/12/2023;04/18/2023;F
FASW;Fajar Surya Wisesa Tbk;;IDR;23;03/30/2023;03/31/2023;04/03/2023;04/18/2023;F
BBNI;PT Bank Negara Indonesia (Persero) Tbk;;IDR;392,78;03/27/2023;03/28/2023;03/29/2023;04/14/2023;F
LPPF;Matahari Department Store Tbk;;IDR;525;04/06/2023;04/10/2023;04/11/2023;04/17/2023;F
ASGR;Astra Graphia Tbk;;IDR;21;04/12/2023;04/13/2023;04/14/2023;04/05/2023;F
ROTI;Nippon Indosari Corpindo Tbk;;IDR;106,55;04/14/2023;04/17/2023;04/18/2023;04/28/2023;F
ESSA;Surya Esa Perkasa Tbk;;IDR;45;03/27/2023;03/28/2023;03/29/2023;04/05/2023;F
SIDO;Industri Jamu dan Farmasi Sido Muncul Tbk;;IDR;23;04/06/2023;04/10/2023;04/11/2023;04/28/2023;F
EAST;Eastparc Hotel Tbk;;IDR;2,36;04/03/2023;04/04/2023;04/05/2023;04/17/2023;F
AGII;Aneka Gas Industri Tbk;;IDR;4,86;06/12/2023;06/13/2023;06/14/2023;07/06/2023;F
AKRA;AKR Corporindo Tbk.;;IDR;50;08/03/2023;08/04/2023;08/07/2023;08/16/2023;I
ANTM;Aneka Tambang Tbk.;;IDR;79,5016;06/22/2023;06/26/2023;06/26/2023;07/14/2023;F
CFIN;Clipan Finance Indonesia Tbk;;IDR;100;07/05/2023;07/06/2023;07/07/2023;07/25/2023;F
INDF;Indofood Sukses Makmur Tbk;;IDR;257;07/06/2023;07/07/2023;07/10/2023;07/26/2023;F
LTLS;Lautan Luas Tbk;;IDR;50;06/22/2023;06/23/2023;06/26/2023;07/03/2023;F
MAPI;Mitra Adiperkasa Tbk;;IDR;8;07/03/2023;07/04/2023;07/05/2023;07/21/2023;F
MEDC;Medco Energi Internasional Tbk;;USD;0,0016;06/12/2023;06/13/2023;06/14/2023;07/03/2023;F
MYOR;Mayora Indah Tbk;;IDR;35;06/21/2023;06/22/2023;06/23/2023;07/11/2023;F
SIMP;Salim Ivomas Pratama Tbk;;IDR;15;07/05/2023;07/06/2023;07/07/2023;07/25/2023;F
SMRA;Summarecon Agung Tbk;;IDR;7;06/23/2023;06/26/2023;06/27/2023;07/14/2023;F
SMSM;Selamat Sempurna Tbk;;IDR;25;08/07/2023;08/08/2023;08/09/2023;08/23/2023;I
TLKM;Telkom Indonesia (Persero) Tbk.;;IDR;167,5987;06/09/2023;06/12/2023;06/13/2023;07/05/2023;F
PTBA;Bukit Asam Tbk;;IDR;10,94;06/23/2023;06/26/2023;06/27/2023;07/14/2023;F
LSIP;PP London Sumatra Indonesia Tbk;;IDR;53;07/05/2023;07/06/2023;07/07/2023;07/21/2023;F
TINS;Timah Tbk;;IDR;41,9516;06/23/2023;06/26/2023;06/27/2023;07/14/2023;F
CTRA;Ciputra Development Tbk;;IDR;15;07/10/2023;07/11/2023;07/12/2023;07/25/2023;F
MNCN;Media Nusantara Citra Tbk;;IDR;5;07/10/2023;07/11/2023;07/12/2023;08/03/2023;F
GPRA;Perdana Gapuraprima Tbk;;IDR;1;07/05/2023;07/06/2023;07/07/2023;07/26/2023;F
ACES;Ace Hardware Indonesia Tbk;;IDR;31,06;07/04/2023;07/05/2023;07/06/2023;07/21/2023;F
ITMG;Indo Tambangraya Megah Tbk;;IDR;2,66;09/11/2023;09/12/2023;09/13/2023;09/22/2023;I
CITA;Cita Mineral Investindo Tbk;;IDR;10;07/10/2023;07/11/2023;07/12/2023;07/31/2023;F
AMFG;Asahimas Flat Glass Tbk;;IDR;80;07/05/2023;07/06/2023;07/07/2023;07/26/2023;F
LION;Lion Metal Works Tbk;;IDR;4;07/10/2023;07/11/2023;07/12/2023;07/24/2023;F
CLPI;Colorpak Indonesia Tbk;;IDR;61,38;07/10/2023;07/11/2023;07/12/2023;08/03/2023;F
DPNS;Duta Pertiwi Nusantara Tbk;;IDR;15;07/04/2023;07/05/2023;07/06/2023;07/21/2023;F
EKAD;Ekadharma International Tbk;;IDR;9;06/21/2023;06/22/2023;06/23/2023;07/14/2023;F
SRSN;Indo Acidatama Tbk;;IDR;1;06/13/2023;06/14/2023;06/15/2023;07/07/2023;F
KKGI;Resource Alam Indonesia Tbk;;IDR;25;07/04/2023;07/05/2023;07/06/2023;07/14/2023;F
UNIC;Unggul Indah Cahaya Tbk;;IDR;360;06/22/2023;06/22/2023;06/23/2023;07/12/2023;F
AKPI;Argha Karya Prima Industry Tbk;;IDR;16,5;06/14/2023;06/15/2023;06/16/2023;07/07/2023;F
TRST;Trias Sentosa Tbk;;IDR;5;07/10/2023;07/11/2023;07/12/2023;07/28/2023;F
TBMS;Tembaga Mulia Semanan Tbk;;USD;59,78;06/15/2023;06/16/2023;06/19/2023;07/05/2023;F
INDS;Indospring Tbk;;IDR;100;07/04/2023;07/05/2023;07/06/2023;07/21/2023;F
MASA;Multistrada Arah Sarana Tbk;;IDR;31;06/21/2023;06/22/2023;06/23/2023;07/14/2023;F
DOID;Delta Dunia Makmur Tbk;;IDR;103;06/16/2023;06/19/2023;06/20/2023;07/07/2023;F
INDR;Indorama Synthetics Tbk;;IDR;240;07/10/2023;07/11/2023;07/12/2023;07/25/2023;F
RDTX;Roda Vivatex Tbk;;IDR;725;07/03/2023;07/04/2023;07/05/2023;07/14/2023;F
KBLI;KMI Wire & Cable Tbk;;IDR;4;06/21/2023;06/22/2023;06/23/2023;07/14/2023;F
JECC;Jembo Cable Company Tbk;;IDR;100;06/20/2023;06/21/2023;06/22/2023;07/12/2023;F
KBLM;Kabelindo Murni Tbk;;IDR;8;06/13/2023;06/14/2023;06/15/2023;07/07/2023;F
IKBI;Sumi Indo Kabel Tbk;;IDR;15,78;09/04/2023;09/05/2023;09/06/2023;09/25/2023;F
SKBM;Sekar Bumi Tbk;;IDR;9,97;06/19/2023;06/20/2023;06/19/2023;07/11/2023;F
ULTJ;Ultra Jaya Milk Industry & Trading Company Tbk;;IDR;30;06/27/2023;07/03/2023;07/04/2023;07/23/2023;F
GGRM;Gudang Garam Tbk;;IDR;1200;07/07/2023;07/10/2023;07/11/2023;07/18/2023;F
HMSP;HM Sampoerna Tbk;;IDR;54,7;06/19/2023;06/20/2023;06/21/2023;07/13/2023;F
DVLA;Darya-Varia Laboratoria Tbk;;IDR;78;07/05/2023;07/06/2023;07/07/2023;07/21/2023;F
SCPI;Organon Pharma Indonesia Tbk;;IDR;50000;06/14/2023;06/15/2023;06/16/2023;07/07/2023;F
TSPC;Tempo Scan Pacific Tbk;;IDR;100;06/12/2023;06/13/2023;06/14/2023;07/03/2023;F
UNVR;Unilever Indonesia Tbk.;;IDR;71;07/05/2023;07/06/2023;07/07/2023;07/20/2023;F
KDSI;Kedawung Setia Industrial Tbk;;IDR;75;07/10/2023;07/11/2023;07/12/2023;07/21/2023;F
JRPT;Jaya Real Property Tbk;;IDR;21;06/16/2023;06/19/2023;06/20/2023;07/07/2023;F
PWON;Pakuwon Jati Tbk;;IDR;6,5;07/10/2023;07/11/2023;07/12/2023;07/27/2023;F
JKON;Jaya Konstruksi Manggala Pratama Tbk;;IDR;3;06/15/2023;06/16/2023;06/19/2023;07/07/2023;F
SMDR;Samudera Indonesia Tbk;;IDR;30;07/10/2023;07/11/2023;07/12/2023;07/31/2023;F
SMDR;Samudera Indonesia Tbk;;IDR;4;08/08/2023;08/09/2023;08/10/2023;08/30/2023;I
ELSA;Elnusa Tbk;;IDR;25,9;06/14/2023;06/15/2023;06/16/2023;07/06/2023;F
BBLD;Buana Finance Tbk;;IDR;16;06/27/2023;07/03/2023;07/04/2023;07/12/2023;F
PANS;Panin Sekuritas Tbk;;IDR;250;07/06/2023;07/07/2023;07/10/2023;07/18/2023;F
ASBI;Asuransi Bintang Tbk;;IDR;5;07/10/2023;07/11/2023;07/12/2023;07/26/2023;F
ASDM;Asuransi Dayin Mitra Tbk;;IDR;66;07/10/2023;07/11/2023;07/12/2023;08/02/2023;F
AMAG;Asuransi Multi Artha Guna Tbk;;IDR;20;07/05/2023;07/06/2023;07/07/2023;07/21/2023;F
ASRM;Asuransi Ramayana Tbk;;IDR;65;07/05/2023;07/06/2023;07/07/2023;07/26/2023;F
LPGI;Lippo General Insurance Tbk;;IDR;54;07/10/2023;07/11/2023;07/12/2023;08/02/2023;F
FISH;FKS Multi Agro Tbk;;IDR;470;07/10/2023;07/11/2023;07/12/2023;07/27/2023;F
SMMT;Golden Eagle Energy Tbk;;IDR;47;07/10/2023;07/11/2023;07/12/2023;08/02/2023;F
PGLI;Pembangunan Graha Lestari Indah Tbk;;IDR;1;07/10/2023;07/11/2023;07/12/2023;08/02/2023;F
JTPE;Jasuindo Tiga Perkasa Tbk;;IDR;7,5;06/22/2023;06/23/2023;06/26/2023;07/03/2023;F
SCMA;Surya Citra Media Tbk;;IDR;6,5;06/22/2023;06/23/2023;06/26/2023;07/14/2023;F
RUIS;Radiant Utama Interinsco Tbk;;IDR;3,5;07/06/2023;07/07/2023;07/10/2023;07/27/2023;F
SCCO;Supreme Cable Manufacturing & Commerce Tbk;;IDR;150;06/14/2023;06/15/2023;06/16/2023;07/06/2023;F
BRPT;Barito Pacific Tbk;;IDR;1,59;06/20/2023;06/21/2023;06/22/2023;07/14/2023;F
IMAS;Indomobil Sukses Internasional Tbk;;IDR;10;07/07/2023;07/10/2023;07/11/2023;08/02/2023;F
ERTX;Eratex Djaja Tbk;;IDR;11,66;07/10/2023;07/11/2023;07/12/2023;08/02/2023;F
BPFI;Batavia Prosperindo Finance Tbk;;IDR;3,88;07/10/2023;07/11/2023;07/12/2023;08/02/2023;F
GTBO;Garda Tujuh Buana Tbk;;IDR;6,13342;07/10/2023;07/11/2023;07/12/2023;07/28/2023;F
MKPI;Metropolitan Kentjana Tbk;;IDR;445;07/04/2023;07/05/2023;07/06/2023;07/21/2023;F
EMTK;Elang Mahkota Teknologi Tbk;;IDR;5;06/22/2023;06/23/2023;06/26/2023;07/14/2023;F
MICE;Multi Indocitra Tbk;;IDR;5;07/03/2023;07/04/2023;07/05/2023;07/21/2023;F
BAYU;Bayu Buana Tbk;;IDR;50;06/26/2023;06/27/2023;07/03/2023;07/18/2023;F
TBIG;PT Tower Bersama Infrastructure Tbk;;IDR;35,3455;06/12/2023;06/13/2023;06/14/2023;07/05/2023;F
MFMI;Multifiling Mitra Indonesia Tbk;;IDR;27;07/04/2023;07/05/2023;07/06/2023;07/21/2023;F
ICBP;Indofood CBP Sukses Makmur Tbk;;IDR;188;07/06/2023;07/07/2023;07/10/2023;07/25/2023;F
MTLA;Metropolitan Land Tbk;;IDR;10,3;06/19/2023;06/20/2023;06/21/2023;07/03/2023;F
ALDO;Alkindo Naratama Tbk;;IDR;1;07/03/2023;07/04/2023;07/05/2023;07/21/2023;F
GEMS;Golden Energy Mines Tbk;;IDR;0,06;08/31/2023;09/01/2023;09/04/2023;09/12/2023;I
ERAA;Erajaya Swasembada Tbk;;IDR;19;07/10/2023;07/11/2023;07/12/2023;08/03/2023;F
KOBX;Kobexindo Tractors Tbk;;IDR;10;06/22/2023;06/23/2023;06/26/2023;07/10/2023;F
TOBA;TBS Energi Utama Tbk;;USD;0,00085;06/16/2023;06/19/2023;06/20/2023;07/12/2023;F
BSSR;Baramulti Suksessarana Tbk;;IDR;-;09/14/2023;09/15/2023;09/18/2023;09/26/2023;I
ISSP;Steel Pipe Industry of Indonesia Tbk;;IDR;6;07/10/2023;07/11/2023;07/12/2023;08/03/2023;F
ANJT;PT Austindo Nusantara Jaya Tbk.;;IDR;27,8;06/15/2023;06/16/2023;06/19/2023;07/07/2023;F
BBMD;PT Bank Mestika Dharma Tbk.;;IDR;34,27;06/15/2023;06/16/2023;06/19/2023;07/07/2023;F
ECII;Electronic City Indonesia Tbk;;IDR;5;07/10/2023;07/11/2023;07/12/2023;08/03/2023;F
IMJS;Indomobil Multi Jasa Tbk;;IDR;0,5;07/07/2023;07/10/2023;07/11/2023;08/02/2023;F
DSNG;PT Dharma Satya Nusantara Tbk.;;IDR;30;06/16/2023;06/19/2023;06/20/2023;07/06/2023;F
TALF;Tunas Alfin Tbk;;IDR;5;06/27/2023;07/03/2023;07/04/2023;07/17/2023;F
BALI;PT Bali Towerindo Sentra Tbk.;;IDR;32,34;06/12/2023;06/13/2023;06/14/2023;07/03/2023;F
BIRD;PT Blue Bird Tbk;;IDR;72;07/05/2023;07/06/2023;07/07/2023;07/27/2023;F
DMAS;Puradelta Lestari Tbk;;IDR;10;06/27/2023;07/03/2023;07/04/2023;07/14/2023;F
BOLT;Garuda Metalindo Tbk;;IDR;25;06/21/2023;06/22/2023;06/23/2023;07/14/2023;F
IDPR;PT Indonesia Pondasi Raya Tbk.;;IDR;1;07/06/2023;07/07/2023;07/10/2023;07/25/2023;F
SHIP;Sillo Maritime Perdana Tbk;;IDR;17,5;07/03/2023;07/04/2023;07/05/2023;07/21/2023;F
HOKI;Buyung Poetra Sembada Tbk;;IDR;1;07/10/2023;07/11/2023;07/12/2023;07/18/2023;F
MDKI;Emdeki Utama Tbk;;IDR;10;06/13/2023;06/14/2023;06/15/2023;07/07/2023;F
PSSI;Pelita Samudera Shipping Tbk;;IDR;50;06/14/2023;06/15/2023;06/16/2023;07/05/2023;F
CAMP;Campina Ice Cream Industry Tbk;;IDR;20;07/04/2023;07/05/2023;07/06/2023;07/21/2023;F
IPCM;PT Jasa Armada Indonesia Tbk.;;IDR;17,74;07/04/2023;07/05/2023;07/06/2023;07/21/2023;F
GHON;PT Gihon Telekomunikasi Indonesia Tbk;;IDR;128;06/09/2023;06/12/2023;06/13/2023;07/04/2023;F
HEAL;PT Medikaloka Hermina Tbk.;;IDR;7;06/09/2023;06/12/2023;06/13/2023;07/05/2023;F
TCPI;Transcoal Pacific Tbk;;IDR;7;06/26/2023;06/27/2023;07/03/2023;07/18/2023;F
MAPA;Map Aktif Adiperkasa Tbk;;IDR;40;07/03/2023;07/04/2023;07/05/2023;07/17/2023;F
IPCC;PT Indonesia Kendaraan Terminal Tbk.;;IDR;49,77;07/10/2023;07/11/2023;07/12/2023;08/01/2023;F
ZONE;Mega Perintis Tbk;;IDR;20,94;06/21/2023;06/22/2023;06/23/2023;07/13/2023;F
PEHA;Phapros Tbk;;IDR;13,37;06/16/2023;06/19/2023;06/20/2023;07/12/2023;F
JAYA;PT Armada Berjaya Trans Tbk.;;IDR;3;06/27/2023;07/03/2023;07/04/2023;07/21/2023;F
EAST;Eastparc Hotel Tbk;;IDR;1,8;08/11/2023;08/14/2023;08/15/2023;08/30/2023;I
LIFE;Asuransi Jiwa Sinarmas MSIG Tbk;;IDR;177;07/10/2023;07/11/2023;07/12/2023;07/28/2023;F
BLUE;Berkah Prima Perkasa Tbk;;IDR;33;07/06/2023;07/07/2023;07/10/2023;07/26/2023;F
SMKL;Satyamitra Kemas Lestari Tbk;;IDR;12;06/12/2023;06/13/2023;06/14/2023;07/06/2023;F
KEEN;Kencana Energi Lestari Tbk;;IDR;6,5;06/26/2023;06/27/2023;07/03/2023;07/18/2023;F
TEBE;Dana Brata Luhur Tbk;;IDR;30;09/15/2023;09/18/2023;09/19/2023;09/29/2023;I
IFII;Indonesia Fibreboard Industry Tbk;;IDR;2;07/03/2023;07/04/2023;07/05/2023;07/21/2023;F
PMJS;PT Putra Mandiri Jembar Tbk;;IDR;7,3;07/06/2023;07/07/2023;07/10/2023;07/27/2023;F
GLVA;Galva Technologies Tbk;;IDR;16;06/23/2023;06/26/2023;06/27/2023;07/18/2023;F
PTPW;PT Pratama Widya Tbk.;;IDR;19,36;07/07/2023;07/10/2023;07/11/2023;07/28/2023;F
PPGL;PT Prima Globalindo Logistik Tbk.;;IDR;2;06/27/2023;07/03/2023;07/04/2023;07/21/2023;F
SGER;Sumber Global Energy Tbk;;IDR;37,0773;06/13/2023;06/14/2023;06/15/2023;07/07/2023;F
SGER;Sumber Global Energy Tbk;;IDR;28;09/04/2023;09/05/2023;09/06/2023;09/22/2023;I
TRJA;PT Transkon Jaya Tbk.;;IDR;3;07/05/2023;07/06/2023;07/07/2023;07/26/2023;F
SOHO;Soho Global Health Tbk;;IDR;118;07/06/2023;07/07/2023;07/10/2023;07/27/2023;F
ATAP;Trimitra Prawara Goldland Tbk;;IDR;0,12;07/10/2023;07/11/2023;07/12/2023;08/03/2023;F
UNIQ;PT Ulima Nitra Tbk;;IDR;3,65;07/10/2023;07/11/2023;07/12/2023;08/03/2023;F
BMHS;Bundamedik Tbk;;IDR;1,5;06/27/2023;07/03/2023;07/04/2023;07/21/2023;F
RSGK;Kedoya Adyaraya Tbk;;IDR;81;06/21/2023;06/22/2023;06/23/2023;07/07/2023;F
RSGK;Kedoya Adyaraya Tbk;;IDR;15;08/18/2023;08/19/2023;08/22/2023;09/05/2023;I
BINO;Perma Plasindo Tbk;;IDR;0,79;07/10/2023;07/11/2023;07/12/2023;08/01/2023;F
DEPO;Caturkarda Depo Bangunan Tbk;;IDR;2,3;06/19/2023;06/20/2023;06/21/2023;07/12/2023;F
WGSH;Wira Global Solusi Tbk;;IDR;4;06/14/2023;06/15/2023;06/21/2023;07/07/2023;F
RMKE;RMK Energy Tbk;;IDR;7;07/03/2023;07/04/2023;07/05/2023;07/21/2023;F
ENAK;Champ Resto Indonesia Tbk;;IDR;12;06/21/2023;06/22/2023;06/23/2023;07/10/2023;F
SMKM;PT Sumber Mas Konstruksi Tbk;;IDR;1;06/23/2023;06/26/2023;06/27/2023;07/17/2023;F
BIKE;PT Sepeda Bersama Indonesia Tbk;;IDR;8,2;07/10/2023;07/11/2023;07/12/2023;08/03/2023;F
SWID;PT Saraswanti Indoland Development Tbk;;IDR;1,0895;06/12/2023;06/13/2023;06/14/2023;07/04/2023;F
AXIO;PT Tera Data Indonusa Tbk;;IDR;6;07/04/2023;07/05/2023;07/06/2023;07/21/2023;F
HATM;PT Habco Trans Maritima Tbk;;IDR;4,07;06/15/2023;06/16/2023;06/19/2023;07/07/2023;F
CRAB;PT Toba Surimi Industries Tbk;;IDR;1;07/03/2023;07/04/2023;07/05/2023;07/21/2023;F
BUAH;PT Segar Kumala Indonesia Tbk;;IDR;14;06/13/2023;06/14/2023;06/15/2023;07/07/2023;F
PDPP;PT Primadaya Plastisindo Tbk;;IDR;269;06/15/2023;06/16/2023;06/19/2023;07/07/2023;F
PADA;PT Personel Alih Daya Tbk;;IDR;0,5;06/15/2023;06/16/2023;06/19/2023;07/04/2023;F
BEER;PT Jobubu Jarum Minahasa Tbk;;IDR;1,23;07/10/2023;07/11/2023;07/12/2023;08/03/2023;F
WINE;PT Hatten Bali Tbk;;IDR;1,95;06/27/2023;07/03/2023;07/04/2023;07/21/2023;F
SUNI;PT Sunindo Pratama Tbk;;IDR;3;07/10/2023;07/11/2023;07/12/2023;07/28/2023;F
LAJU;PT Jasa Berdikari Logistics Tbk;;IDR;0,85;07/04/2023;07/05/2023;07/06/2023;07/21/2023;F
SOUL;PT Mitra Tirta Buwana Tbk;;IDR;0,1;07/07/2023;07/10/2023;07/11/2023;08/02/2023;F
CBPE;PT Citra Buana Prasida Tbk;;IDR;1;07/03/2023;07/04/2023;07/05/2023;07/21/2023;F
PGEO;PT Pertamina Geothermal Energy Tbk;;IDR;10,87275;06/13/2023;06/14/2023;06/15/2023;07/07/2023;F
HILL;PT Hillcon Tbk;;IDR;30;06/22/2023;06/23/2023;06/26/2023;07/14/2023;F
CHIP;PT Pelita Teknologi Global Tbk;;IDR;2,31;07/03/2023;07/04/2023;07/05/2023;07/10/2023;F
FWCT;PT Wijaya Cahaya Timber Tbk;;IDR;2;06/13/2023;06/14/2023;06/15/2023;07/06/2023;F
NCKL;PT Trimegah Bangun Persada Tbk.;;IDR;22,19;07/10/2023;07/11/2023;07/12/2023;08/03/2023;F
